issue,code_before,code_after,lesson,source,issue_tags,lesson_tags,pr_url
Missing header include for std::iota leading to build error on Windows,"// device_util_id.h
// Uses std::iota but missing <numeric>
// ...
// std::iota(...)
","#include <numeric>
",Always include necessary standard headers when using library functions to ensure portability across platforms.,issue_comment,"['missing_include', 'portability', 'build_error']","['defensive_programming', 'portability']",https://github.com/tensorflow/tensorflow/pull/45784
Static global variable duplicated due to multiple static library dependencies causing inconsistent state and test failures,"# In tensorflow/core/common_runtime/BUILD
deps = [
  # ...
  ""//tensorflow/core/framework:allocator"",
  # ...
]

# In tensorflow/core/common_runtime/device/BUILD
deps = [
  # ...
  ""//tensorflow/core/framework:allocator"",
  # ...
]
","# Removed duplicate dependency on framework:allocator to avoid multiple static linkings
# //tensorflow/core/common_runtime/BUILD
#        #""//tensorflow/core/framework:allocator"",
# //tensorflow/core/common_runtime/device/BUILD
#        #""//tensorflow/core/framework:allocator"",
",Avoid linking the same code containing static globals into multiple static libraries; prefer dynamic linking or remove redundant dependencies to maintain a single global state.,issue_comment,"['static_linking', 'duplicate_symbol', 'global_state']","['build_system', 'dependency_management']",https://github.com/tensorflow/tensorflow/pull/45784
Static linking both PluggableDevice and GPU runtimes causes duplicate symbols,// Both runtimes linked statically into the binary,"// Suggest linking PluggableDevice runtime dynamically, e.g., like TPU runtime:
// set dso linkage for pluggable_device_runtime
",Prefer dynamic linking for shared runtimes to avoid duplicate symbols and maintain a single instance of global variables.,issue_comment,"['linking_error', 'dependency_management']","['build_system', 'dynamic_linking']",https://github.com/tensorflow/tensorflow/pull/45784
New host_memory_allocate/deallocate APIs introduced but lack tests to validate their invocation,,,"Ensure new functionality paths are covered by tests to catch integration issues early, especially for memory allocation APIs.",issue_comment,"['missing_tests', 'incomplete_test_coverage']","['testing_strategy', 'test_coverage']",https://github.com/tensorflow/tensorflow/pull/45784
Host memory allocation path only exercised under certain flags (attr.on_host & force_gpu_compatible) leading to confusion,"Allocator* PluggableDevice::GetAllocator(AllocatorAttributes attr) {
  DCHECK(cpu_allocator_);
  if (attr.on_host()) {
    return cpu_allocator_;
  }
  return device_allocator_;
}
","Allocator* PluggableDevice::GetAllocator(AllocatorAttributes attr) {
  DCHECK(cpu_allocator_);
  if (attr.on_host()) {
    if (attr.gpu_compatible() || force_gpu_compatible_) {
      return ps->GetPluggableDeviceHostAllocator(0);
    } else {
      return cpu_allocator_;
    }
  }
  return device_allocator_;
}
","Understand and configure feature flags properly (e.g., force_gpu_compatible) to exercise intended code paths, and document flag effects clearly.",issue_comment,"['flag_configuration', 'api_misuse']","['config_management', 'debugging']",https://github.com/tensorflow/tensorflow/pull/45784
Inconsistent parameter type for output parameters; TF convention uses pointer rather than reference,"port::Status InitStreamExecutorPlugin(void* dso_handle, string& device_type, string& platform_name) {","port::Status InitStreamExecutorPlugin(void* dso_handle, string* device_type, string* platform_name) {",Maintain consistent API conventions across the codebase by using pointers for output parameters when that is the established pattern.,review_comment,"['api_consistency', 'code_style']","['clean_code', 'api_design']",https://github.com/tensorflow/tensorflow/pull/45784
Missing comment to indicate that parameters are outputs,// Registers StreamExecutor platform.,// Registers StreamExecutor platform. `device_type` and `platform_name` are output parameters.,Clearly document which parameters are inputs and which are outputs to improve code readability and maintainability.,review_comment,['missing_documentation'],"['documentation', 'code_readability']",https://github.com/tensorflow/tensorflow/pull/45784
"Register method not publicly accessible, despite being used by dynamic registration","class CopyTensor {
 protected:
   static Status Register(...);
 private:
   // ...
 };
","class CopyTensor {
 public:
   // Dynamic registered devices (PluggableDevices) use this function to register a copy function.
   static void DynamicRegister(DeviceType sender_device_type,...);
   // Register a function for copying between two specific DeviceTypes.
   static Status Register(...);
 };
",Ensure methods intended for external or dynamic use have appropriate visibility (public) to prevent access errors.,review_comment,"['access_modifier', 'api_design']","['api_design', 'code_accessibility']",https://github.com/tensorflow/tensorflow/pull/45784
Overly broad Bazel visibility including tensorflow_models leads to unnecessary exposure,"package(
  default_visibility = [
    ""//tensorflow:internal"",
    ""//tensorflow_models:__subpackages__"",
  ],
)","package(
  default_visibility = [
    ""//tensorflow:internal"",
  ],
)",Limit Bazel target visibility to the minimum necessary to reduce unintended dependencies and simplify dependency graphs.,review_comment,"['bazel_build', 'dependency_management']","['build_system', 'maintainability']",https://github.com/tensorflow/tensorflow/pull/45784
Unused Bazel load of if_static in BUILD file,"load(
  ""//tensorflow/core/platform:build_config_root.bzl"", ""if_static"",
)",# Removed unused load of if_static,Remove unused build dependencies to keep build configurations clean and maintainable.,review_comment,"['unused_dependency', 'build_configuration']","['build_system', 'maintainability']",https://github.com/tensorflow/tensorflow/pull/45784
Unused exports_files directive exposes headers without a proper cc_library,exports_files([...]),# Removed exports_files; prefer cc_library target,Prefer defining proper cc_library targets rather than exporting headers to enforce explicit dependencies.,review_comment,"['unused_dependency', 'build_configuration']","['maintainability', 'build_system']",https://github.com/tensorflow/tensorflow/pull/45784
Long-lived comments in GpuDevice refer to outdated options,"// Possible GPU thread modes: global, gpu_private, gpu_shared",// TODO: Verify if all listed GPUOptions are still relevant; remove stale options,Regularly review and prune outdated code/comments to avoid confusion and technical debt.,review_comment,"['outdated_code', 'documentation']","['maintainability', 'technical_debt']",https://github.com/tensorflow/tensorflow/pull/45784
Typo in naming: Statuscallback should be StatusCallback,"// calling the ""done"" Statuscallback","// calling the ""done"" StatusCallback",Adhere to naming conventions and correct typos in identifiers to maintain code clarity.,review_comment,"['naming_convention', 'typo']",['code_quality'],https://github.com/tensorflow/tensorflow/pull/45784
Duplicated parsing logic of visible_device_list across files,"static Status ParseVisibleDeviceList(const string& platform_name, const string& visible_device_list, ...) { ... }
// similar code in multiple .cc files","// Moved ParseVisibleDeviceList and related helpers to core/common_runtime/device/device_id_utils.h
// Both callers now use the shared implementation",Follow the DRY principle by centralizing shared functionality into a common utility to reduce duplication.,review_comment,"['code_duplication', 'refactoring']","['DRY_principle', 'modularization']",https://github.com/tensorflow/tensorflow/pull/45784
"Unclear grammar in comment: ""not support""","VLOG(2) << ""PluggableDevice not support virtual device setting yet"";","VLOG(2) << ""PluggableDevice does not support virtual device setting yet"";",Write grammatically correct and clear comments to improve understandability.,review_comment,"['comment_quality', 'grammar']",['code_readability'],https://github.com/tensorflow/tensorflow/pull/45784
Unified memory support check ignores platform capability flag,"if (per_process_gpu_memory_fraction > 1.0 || gpu_options.experimental().use_unified_memory()) {
  return errors::Internal(""not support unified memory yet."");
}","if (!se->GetDeviceDescription().supports_unified_memory()) {
  return errors::Internal(""Unified memory not supported by platform"");
}
",Use the platform’s capability flags when checking for feature support rather than relying solely on user-configurable options.,review_comment,"['api_misuse', 'platform_feature_detection']",['robust_error_handling'],https://github.com/tensorflow/tensorflow/pull/45784
PluggableDevice uses BFCAllocator directly instead of StreamExecutor allocator plugin API,Allocator* cpu_alloc = new BFCAllocator(...);,// TODO: Use StreamExecutor create_allocator/destroy_allocator plugin APIs for allocator creation,"Integrate with existing plugin APIs to ensure consistency, extensibility, and reduce duplication of functionality.",review_comment,"['api_misuse', 'missing_feature_use']","['api_adherence', 'extensibility']",https://github.com/tensorflow/tensorflow/pull/45784
Inconsistent inline code formatting in comments; variable names should be backticked,// Registers StreamExecutor platform. device_type and platform_name are output parameters.,// Registers StreamExecutor platform. `device_type` and `platform_name` are output parameters.,Use proper inline code formatting (backticks) in comments to distinguish code elements and improve readability.,review_comment,"['comment_style', 'documentation']","['documentation', 'code_readability']",https://github.com/tensorflow/tensorflow/pull/45784
Using std::generate for simple sequence initialization is overkill,"std::generate(visible_device_order->begin(), visible_device_order->end(), [&deviceNo] { return deviceNo++; });","std::iota(visible_device_order->begin(), visible_device_order->end(), 0);",Prefer simpler standard library utilities like std::iota for common operations to improve clarity and performance.,review_comment,"['code_simplicity', 'std_library']","['clean_code', 'performance_optimization']",https://github.com/tensorflow/tensorflow/pull/45784
No API for custom allocator registration in StreamExecutor C API for PluggableDevice,// No custom allocator plugin API available,"// Proposed API:
// void (*create_custom_allocator)(const SP_Platform*, const SP_Device*, SE_CreateCustomAllocatorParams*, TF_Status*);
",Design extensible plugin APIs that allow custom allocator registration to support advanced use cases.,review_comment,"['api_design', 'extensibility']","['api_design', 'extensibility']",https://github.com/tensorflow/tensorflow/pull/45784
Header include guard does not follow naming convention with underscores,#ifndef TENSORFLOW_CORE_COMMON_RUNTIME_PLUGGABLEDEVICE_PLUGGABLEDEVICE_H_,#ifndef THIRD_PARTY_TENSORFLOW_CORE_COMMON_RUNTIME_PLUGGABLE_DEVICE_PLUGGABLE_DEVICE_H_,Follow consistent naming conventions for header guards to avoid collisions and improve clarity.,review_comment,"['naming_convention', 'header_guard']",['code_style'],https://github.com/tensorflow/tensorflow/pull/45784
Using CHECK instead of DCHECK for debug-only assertions,"CHECK(cpu_allocator_) << ""..."");","DCHECK(cpu_allocator_) << ""..."";",Use DCHECK for debug-only assertions in new code to adhere to coding standards and avoid side effects in release builds.,review_comment,"['macro_usage', 'code_style']",['code_quality'],https://github.com/tensorflow/tensorflow/pull/45784
Use-after-move: accessing moved-from object’s fields after std::move,"auto cplatform = std::move(platform);
// ...
std::string name = platform.name;","std::string type = platform.type;
std::string name = platform.name;
auto cplatform = std::move(platform);",Avoid accessing objects after they have been moved; extract necessary fields before performing std::move to prevent undefined behavior.,review_comment,"['move_semantics', 'undefined_behavior']","['defensive_programming', 'c++_best_practices']",https://github.com/tensorflow/tensorflow/pull/45784
"Grammar typo in documentation: ""as also to"" should be ""and also to""","provides the necessary tools to create and manipulate Tensors, Variables, Constants as also to build, load and run Graphs.","provides the necessary tools to create and manipulate Tensors, Variables, Constants and also to build, load and run Graphs.",Proofread documentation for grammatical accuracy to maintain professionalism.,review_comment,"['documentation', 'grammar_error']","['documentation', 'code_readability']",https://github.com/tensorflow/tensorflow/pull/1771
Inconsistent punctuation: comments not terminated with a period,// Adds a scalar string to the graph with named 'const1',// Adds a scalar string to the graph with named 'const1'.,Terminate all comments with proper punctuation to maintain consistency and readability.,review_comment,"['code_style', 'comment_style']","['clean_code', 'code_readability']",https://github.com/tensorflow/tensorflow/pull/1771
Unnecessary colloquial language in documentation,This is a really complete code example that shows how to generate Graphs on Go and execute them:,This is a complete code example that shows how to generate Graphs on Go and execute them:,Use concise and formal language in documentation to improve clarity.,review_comment,"['documentation', 'tone']","['documentation', 'clean_code']",https://github.com/tensorflow/tensorflow/pull/1771
Incorrect pluralization in comment,"// Adds a placeholder named ""input1"" that must allocate a three elements","// Adds a placeholder named ""input1"" that must allocate a three element",Ensure correct singular/plural usage in comments to avoid confusion.,review_comment,"['documentation', 'grammar_error']","['documentation', 'code_readability']",https://github.com/tensorflow/tensorflow/pull/1771
Hard-coded absolute links to personal fork in documentation,[Image Recognition](https://github.com/alonsovidales/tensorflow/.../index.md#usage-with-the-go-api),[Image Recognition](../g3doc/tutorials/image_recognition/index.md#usage-with-the-go-api),Use relative paths in documentation to avoid personal references and maintain project portability.,review_comment,"['documentation', 'dependency_issue']","['documentation', 'maintainability']",https://github.com/tensorflow/tensorflow/pull/1771
Nested conditionals cause unnecessary indentation; reverse conditional for guard clause,"if op, ok := gr.availableOps[strings.ToLower(opName)]; ok { /* many lines */ }","if op, ok := gr.availableOps[strings.ToLower(opName)]; !ok {
    return nil, &ErrOperationNotFound{op: opName}
}
// proceed with op",Use early returns to reduce nesting and improve readability.,review_comment,"['code_style', 'readability']","['clean_code', 'defensive_programming']",https://github.com/tensorflow/tensorflow/pull/1771
Named result parameters reduce clarity,"func (gr *Graph) Op(...) (node *GraphNode, err error)","func (gr *Graph) Op(...) (*GraphNode, error)",Favor explicit return values over named result parameters unless they simplify complex functions.,review_comment,"['code_style', 'function_signature']","['clean_code', 'code_readability']",https://github.com/tensorflow/tensorflow/pull/1771
Manual index increment when iterating a map instead of using range index,"inputs := make([]string, len(gr.variables))
i := 0
for input := range gr.variables {
    inputs[i] = ""^"" + input + ""/Assign""
    i++
}","inputs := make([]string, len(gr.variables))
for i, name := range gr.variables {
    inputs[i] = ""^"" + name + ""/Assign""
}","Use language's built-in constructs (range index) for concise, idiomatic loops.",review_comment,"['code_style', 'idiomatic_go']","['code_readability', 'performance_optimization']",https://github.com/tensorflow/tensorflow/pull/1771
Manual buffer allocation and proto.MarshalText instead of simpler helper,"var bufStr bytes.Buffer
proto.MarshalText(&bufStr, gr.def)
return bufStr.String()",return proto.MarshalTextString(gr.def),Prefer concise helper functions to reduce boilerplate and improve clarity.,review_comment,"['code_style', 'boilerplate_reduction']","['clean_code', 'code_readability']",https://github.com/tensorflow/tensorflow/pull/1771
Excessively large function Op mixing multiple responsibilities,"func (gr *Graph) Op(...) { /* loads ops, validates inputs, casts attributes all in one */ }","// Split responsibilities:
func (gr *Graph) Op(...) {
    if err := gr.loadAvailableOps(); err != nil { ... }
    node, err := gr.buildNode(...)
    if err != nil { ... }
    err = gr.applyAttributes(node, attrs)
    ...
}","Break down large functions into smaller, single-responsibility functions to improve maintainability and readability.",review_comment,"['code_organization', 'maintainability']","['clean_code', 'single_responsibility']",https://github.com/tensorflow/tensorflow/pull/1771
Hard-coded absolute filesystem path for ops definitions,"const cOpsProtobufDefsPath = ""/usr/local/tensorlow/ops.pbtxt""","var cOpsProtobufDefsPath = filepath.Join(projectRoot, ""core/ops/ops.pbtxt"") // or configurable via ENV",Avoid hard-coding absolute paths; make dependencies configurable or use relative assets.,review_comment,"['dependency_issue', 'configuration']","['defensive_programming', 'maintainability']",https://github.com/tensorflow/tensorflow/pull/1771
Documentation generation format confusion between Markdown and GoDoc,,,Align documentation format and location with project publishing pipeline and target audience.,issue_comment,"['documentation', 'tooling']","['documentation', 'process_improvement']",https://github.com/tensorflow/tensorflow/pull/1771
Inconsistent capitalization and punctuation in GoDoc comments,// AsStr Returns a string representation of this graph,// AsStr returns a string representation of this graph.,"Follow natural code comment conventions (lowercase after function name, period at end) to ensure consistency.",review_comment,"['comment_style', 'naming_convention']","['clean_code', 'code_readability']",https://github.com/tensorflow/tensorflow/pull/1771
Unclear and misleading comment in Graph.Variable method,"// For reference this variable, use the variable as it.","// To reference this variable later, use the returned GraphNode.",Write clear and precise comments to accurately describe code behavior.,review_comment,['comment_clarity'],"['clean_code', 'documentation']",https://github.com/tensorflow/tensorflow/pull/1771
Inconsistent error message formatting across different error types,"return fmt.Sprintf(""Operation '%s' not defined"", e.op)
...
return fmt.Sprintf(""The attribute '%s' is mandatory for the operation: '%s'"", ...)","// Unified format without extra colon:
return fmt.Sprintf(""operation '%s' not defined"", e.op)
...
return fmt.Sprintf(""attribute '%s' is mandatory for operation '%s'"", ...)
",Standardize error messaging format across codebase for consistency and better UX.,review_comment,"['error_handling', 'consistency']","['clean_code', 'maintainability']",https://github.com/tensorflow/tensorflow/pull/1771
Contributor did not sign CLA; commit author email mismatch,,,Ensure contributor license agreements are signed and git commits use the email associated with the CLA,issue_comment,"['process', 'contributor_agreement', 'commit_metadata']","['process', 'onboarding']",https://github.com/tensorflow/tensorflow/pull/38968
Broken rebase included unrelated commits from other PRs,,,Perform rebases carefully and review diffs to avoid including unintended commits,issue_comment,"['version_control', 'rebase_error']","['code_review', 'version_control']",https://github.com/tensorflow/tensorflow/pull/38968
Commits authored by someone else require explicit consent,,,Obtain explicit consent from all commit authors when contributing to projects with contributor agreements,issue_comment,"['process', 'contributor_agreement', 'co_authorship']","['process', 'responsibility']",https://github.com/tensorflow/tensorflow/pull/38968
Missing documentation for new parameter in the Args section,"def experimental_distribute_datasets_from_function(self, dataset_fn):
    """"""
    """"""","def experimental_distribute_datasets_from_function(self, dataset_fn, replication_mode):
    """"""
    Args:
      dataset_fn: ...
      replication_mode: Replication mode for the input function.
    """"""",Update docstrings when adding new function parameters to keep documentation accurate,review_comment,"['missing_documentation', 'docs']","['documentation', 'api_design']",https://github.com/tensorflow/tensorflow/pull/38968
Missing example usage in docstring for new argument,"""""""
Args:
  dataset_fn: ...
  replication_mode: ...
""""""","""""""
Args:
  dataset_fn: ...
  replication_mode: ...
Example:
  ```python
  train_dist_dataset = strategy.experimental_distribute_datasets_from_function(
      train_dataset_fn,
      distribute_lib.InputReplicationMode.PER_REPLICA)
  ```
""""""",Include usage examples in docstrings to illustrate how new API parameters work,review_comment,"['missing_documentation', 'example']","['documentation', 'code_readability']",https://github.com/tensorflow/tensorflow/pull/38968
Duplicated code instead of reusing existing method with new parameter,"if replication_mode == InputReplicationMode.PER_WORKER:
    return self._extended._experimental_distribute_datasets_from_function(dataset_fn)
elif replication_mode == InputReplicationMode.PER_REPLICA:
    # duplicated implementation","return self._extended._experimental_distribute_datasets_from_function(dataset_fn, replication_mode)",Avoid code duplication by extending existing methods with parameters,review_comment,"['code_duplication', 'maintainability']","['clean_code', 'maintainability']",https://github.com/tensorflow/tensorflow/pull/38968
Missing feature support or explicit error for unsupported strategies,# only implemented for MirroredStrategy,"if isinstance(strategy, TPUStrategy):
    raise NotImplementedError('PER_REPLICA not supported for TPUStrategy')",Ensure feature parity across implementations and provide clear errors for unsupported cases,review_comment,"['feature_completeness', 'error_handling']","['error_handling', 'api_design']",https://github.com/tensorflow/tensorflow/pull/38968
Error message is unclear,"raise ValueError(""executing_eagerly_outside_functions is not implemented for: %r"")","raise ValueError(""executing_eagerly_outside_functions is not implemented for replication_mode %r"" % replication_mode)",Write clear and informative error messages to aid debugging,review_comment,"['error_message', 'clarity']","['error_handling', 'documentation']",https://github.com/tensorflow/tensorflow/pull/38968
Unnecessary helper function instead of extending existing one,def get_distributed_datasets_from_function_per_replica(...):,# merged functionality into get_distributed_datasets_from_function to handle both modes,Minimize API surface by consolidating functionality into existing interfaces,review_comment,"['api_design', 'redundant_code']","['api_design', 'maintainability']",https://github.com/tensorflow/tensorflow/pull/38968
Lint nit: use 2 blank lines instead of 3,# three blank lines between definitions,# reduced to two blank lines,Follow established lint and formatting conventions to maintain code consistency,review_comment,"['code_style', 'lint']","['code_style', 'consistency']",https://github.com/tensorflow/tensorflow/pull/38968
Tests do not verify actual returned values,"for x in ds:
    process_inputs(x)","for x in ds:
    process_inputs(x)
    self.assertEqual(x[0].values[0].device, distribution.extended.worker_devices[0])",Include assertions in tests to verify correct output values,review_comment,"['missing_tests', 'testing_inadequacy']","['testing_strategy', 'code_quality']",https://github.com/tensorflow/tensorflow/pull/38968
Tests import heavy external dependency (DALI) in core code,"import nvidia.dali.fn as fn
from nvidia.dali.pipeline import Pipeline
import nvidia.dali.plugin.tf as dali_tf",# replaced with basic tf.data pipeline in tests,Avoid introducing heavy or third-party dependencies into core code or tests when not necessary,review_comment,"['dependency_issue', 'test_dependency']","['dependency_management', 'scalability']",https://github.com/tensorflow/tensorflow/pull/38968
Missing test scenarios for edge cases like partial batches,"def testInputSignatureForPerReplicaValues(...):
    ds = distribution.experimental_distribute_datasets_from_function(...)
    for x in ds:
        process_inputs(x)","def testPartialBatchBehavior(...):
    # dataset_fn returns variable-sized inputs to test last partial batch","Design tests to cover edge cases, such as varying input sizes and partial batches",review_comment,"['edge_case', 'missing_tests']","['testing_strategy', 'edge_case']",https://github.com/tensorflow/tensorflow/pull/38968
Incorrect computation of number of input pipelines,num_replicas = self.worker_devices,num_input_pipelines = len(self.worker_devices),Use correct semantic values when initializing components; distinguish between count and list,review_comment,"['logic_error', 'api_misuse']","['defensive_programming', 'correctness']",https://github.com/tensorflow/tensorflow/pull/38968
Misuse of API: using compute_devices_for_worker instead of worker_devices,"for ctx, device in zip(input_contexts, input_workers.compute_devices_for_worker(0))","for ctx, device in zip(input_contexts, input_workers.worker_devices)",Use the appropriate API methods to retrieve the intended data,review_comment,"['api_misuse', 'logic_error']","['api_design', 'readability']",https://github.com/tensorflow/tensorflow/pull/38968
Need to generalize input placement beyond DALI-specific GPU placement,with ops.device(device):  # intended for DALI pipelines,# use tf.device('cpu') wrapper to support non-DALI pipelines,Ensure implementation generalizes beyond specific dependencies and environments,review_comment,"['generalization', 'dependency_issue']","['design_principle', 'flexibility']",https://github.com/tensorflow/tensorflow/pull/38968
Behavior when device list is empty unclear,"class _SingleReplicaDatasetIterator(...):
    def __init__(self, dataset, device):
        super(..., device, [])",# add tests and adjust behavior when input_workers.devices = [],Test and define behavior under boundary conditions such as empty device lists,review_comment,"['edge_case', 'testing_inadequacy']","['testing_strategy', 'edge_case']",https://github.com/tensorflow/tensorflow/pull/38968
Differing iterator implementations may introduce inconsistencies,class _SingleReplicaDatasetIterator(_SingleWorkerDatasetIterator): ...,# consider using OwnedMultiDeviceIterator to maintain consistency across modes,Maintain consistency in component implementations to avoid subtle behavior differences,review_comment,"['compatibility', 'implementation_detail']","['consistency', 'maintainability']",https://github.com/tensorflow/tensorflow/pull/38968
Assuming static shapes in iterator may not hold for dynamic inputs,iterator.get_next_as_list_static_shapes(iterator._worker),# support dynamic shapes or document static shape requirement,Avoid hardcoding assumptions about input characteristics or clearly document them,review_comment,"['assumption', 'logic_error']","['defensive_programming', 'documentation']",https://github.com/tensorflow/tensorflow/pull/38968
Unnecessary worker parameter passed to iterator.get_next,next_out = iterator.get_next_as_list_static_shapes(iterator._worker),next_out = iterator.get_next_as_list_static_shapes(),Simplify function interfaces by removing unnecessary parameters,review_comment,"['api_design', 'redundant_parameter']","['api_design', 'simplicity']",https://github.com/tensorflow/tensorflow/pull/38968
Incorrect indentation of example code in documentation,"for epoch in range(NUM_EPOCHS):
# code block not indented","for epoch in range(NUM_EPOCHS):
    # code block",Maintain correct code indentation in documentation to avoid confusion,review_comment,"['code_style', 'formatting']","['documentation', 'code_style']",https://github.com/tensorflow/tensorflow/pull/38968
Unnecessary replication_mode property on strategy class,"class MirroredStrategy(...):
    @property
    def replication_mode(self):
        return self._replication_mode",# remove replication_mode property; pass mode as method parameter,Avoid embedding parameters in object state when they vary per call; use method parameters,review_comment,"['api_design', 'state_management']","['api_design', 'parameterization']",https://github.com/tensorflow/tensorflow/pull/38968
Replication_mode parameter misplaced in class constructor instead of method,"def __init__(..., replication_mode=...):","def experimental_distribute_datasets_from_function(..., replication_mode):",Place configurable parameters at the appropriate level (constructor vs method) based on usage scope,review_comment,"['api_design', 'parameter_placement']","['api_design', 'best_practices']",https://github.com/tensorflow/tensorflow/pull/38968
Bad rebase introduced unintended changes in TFLite file,# spurious '#elif defined(__APPLE__)' added under Windows block,# remove unintended Apple-specific guard,Verify unrelated files during code reviews to detect unintended changes from rebases,review_comment,"['version_control', 'rebase_error', 'unintended_changes']","['code_review', 'attention_to_detail']",https://github.com/tensorflow/tensorflow/pull/38968
Missing tests for updated input_lib functionality,# input_lib changes without corresponding tests,# add unit tests covering input_workers adjustments and new replication modes,Ensure code changes are accompanied by tests to verify new behavior,review_comment,"['missing_tests', 'test_coverage']","['testing_strategy', 'code_quality']",https://github.com/tensorflow/tensorflow/pull/38968
Missing performance benchmarks to quantify integration overhead between TensorRT and TensorFlow,,,Include clear performance metrics when introducing new optimizations or integrations,issue_comment,"['missing_benchmarks', 'performance_overhead']","['performance_measurement', 'documentation']",https://github.com/tensorflow/tensorflow/pull/16253
Version compatibility confusion due to version check requiring TensorRT version 4.0 despite libnvinfer4 corresponding to TensorRT 3.x,,,"Clearly document and manage dependency version requirements, and ensure configuration checks align with actual library versions",issue_comment,"['version_mismatch', 'dependency_management']","['configuration_management', 'compatibility']",https://github.com/tensorflow/tensorflow/pull/16253
"Import error caused by duplicate registration of system ops when building Python bindings, due to including function_ops_op_lib in the extension",,,Avoid linking unnecessary libraries or object files into shared modules to prevent symbol collisions and duplicate registrations,issue_comment,"['duplicate_registration', 'symbol_collision']","['module_boundary', 'dynamic_linking']",https://github.com/tensorflow/tensorflow/pull/16253
"VLOG macro logic is inverted, causing unexpected logging behavior where lower verbosity levels display higher level logs",,,Verify and test logging level logic to ensure verbosity macros match intended semantics,issue_comment,"['logic_error', 'logging_issue']","['logging_best_practice', 'testing']",https://github.com/tensorflow/tensorflow/pull/16253
Lack of documentation on how and where TensorRT graph optimizations (plan creation) occur and how engine plans are cached,,,"Document core algorithm steps and parameter semantics, especially for integration points like caching and optimization stages",issue_comment,"['missing_documentation', 'unclear_behavior']","['documentation', 'clarity']",https://github.com/tensorflow/tensorflow/pull/16253
Using ShapeRefiner on a Graph for shape inference is less accurate and requires extra Graph construction; Grappler's GraphProperties can infer shapes directly on GraphDef,// uses ShapeRefiner via ConvertGraphDefToGraph and shape_refiner,// use GraphProperties from tensorflow/core/grappler/costs/graph_properties.h to infer shapes directly on GraphDef,Prefer more accurate and efficient APIs (GraphProperties) over legacy approaches (ShapeRefiner) to improve performance and accuracy,review_comment,"['performance_issue', 'api_misuse']","['performance_optimization', 'api_usage']",https://github.com/tensorflow/tensorflow/pull/16253
License header year is outdated (2015) and should reflect current year (2018),/* Copyright 2015 The TensorFlow Authors. All Rights Reserved. */,/* Copyright 2018 The TensorFlow Authors. All Rights Reserved. */,Keep license headers up-to-date to reflect the correct copyright years,review_comment,['outdated_license_header'],"['legal_compliance', 'maintainability']",https://github.com/tensorflow/tensorflow/pull/16253
Build configuration for enabling TensorRT is scattered; lack of a dedicated --config=tensorrt flag,bazel build --config=cuda --config=opt //tensorflow/tools/pip_package:build_pip_package,bazel build --config=cuda --config=opt --config=tensorrt //tensorflow/tools/pip_package:build_pip_package,Use dedicated build configurations for optional features to simplify and standardize build commands,review_comment,['build_configuration'],"['build_system', 'developer_experience']",https://github.com/tensorflow/tensorflow/pull/16253
"Python API CreateInferenceGraph only accepts node names, not Tensor objects, limiting usability","CreateInferenceGraph(gdef, ['output'])","CreateInferenceGraph(graph=gdef, output_nodes=['output'], allow_tensors=True)","Design APIs to accept multiple input types (e.g., names and Tensor objects) to improve usability and flexibility",review_comment,"['api_design', 'usability']","['api_flexibility', 'usability']",https://github.com/tensorflow/tensorflow/pull/16253
"Sample code lacks named parameters for max_batch_size and max_workspace_size, reducing readability and extensibility","CreateInferenceGraph(gdef, ['output'])","CreateInferenceGraph(gdef, ['output'], max_batch_size=32, max_workspace_size=1<<20)",Encourage use of named parameters or configuration objects in API examples for clarity and future extensibility,review_comment,"['api_design', 'documentation']","['clean_code', 'maintainability']",https://github.com/tensorflow/tensorflow/pull/16253
Hard-coded list of TensorRT candidate ops in segmentation lacks flexibility and can become outdated,"static const std::set<std::string> candidate_ops = { 'Identity', 'Const', ..., 'Pad' };",// TODO: replace hard-coded list with registration-driven mechanism for candidate ops,Avoid hard-coded value lists; use registration or plugin mechanisms to enable extensibility and reduce maintenance,review_comment,"['hardcoded_values', 'maintainability']","['extensibility', 'clean_code']",https://github.com/tensorflow/tensorflow/pull/16253
"Function signature uses Graph by value instead of const reference, causing unnecessary copying",tensorflow::Graph g(OpRegistry::Global());,void someFunction(const tensorflow::Graph& graph),Pass large objects by const reference to avoid unnecessary copies and improve performance,review_comment,"['performance_issue', 'api_misuse']","['performance_optimization', 'coding_conventions']",https://github.com/tensorflow/tensorflow/pull/16253
"Multiple files contain commented-out code and unused includes, cluttering codebase",// #include 'tensorflow/core/grappler/clusters/single_machine.h',// removed unused commented includes and code,Remove dead or commented-out code and unused includes to improve code readability and maintainability,review_comment,"['dead_code', 'code_cleanup']","['clean_code', 'maintainability']",https://github.com/tensorflow/tensorflow/pull/16253
"Duplicate and unused config_setting blocks present in BUILD files, leading to potential confusion","config_setting(name = 'trt_enabled', ...)",// removed duplicate config_setting for trt_enabled,Eliminate duplicated or unused build configuration entries to simplify build scripts and avoid confusion,review_comment,"['duplicate_code', 'build_configuration']","['clean_code', 'configuration_management']",https://github.com/tensorflow/tensorflow/pull/16253
"Missing outer 'tensorflow' namespace wrapper in C++ code, violating project conventions",namespace tensorrt { ... },namespace tensorflow { namespace tensorrt { ... } },Follow project namespace conventions to maintain consistency and avoid symbol clashes,review_comment,"['code_style', 'naming_convention']","['coding_conventions', 'consistency']",https://github.com/tensorflow/tensorflow/pull/16253
Verbose use of std:: qualifiers within namespace increases verbosity,static std::set<std::string> candidate_ops;,using std::set; using std::string; // then set<string> candidate_ops;,Use using declarations judiciously inside namespaces to reduce verbosity and improve readability,review_comment,['code_style'],"['clean_code', 'readability']",https://github.com/tensorflow/tensorflow/pull/16253
Inconsistent comment style: block comments used instead of project-preferred '//' for comments,/* Some comment */,// Some comment,Adhere to project comment style guidelines for consistency and readability,review_comment,['code_style'],"['coding_conventions', 'readability']",https://github.com/tensorflow/tensorflow/pull/16253
"TRT runtime created in each Op constructor without resource reuse, risking performance and thread-safety issues",IRuntime* infer = createInferRuntime(gLogger); // then destroy,// obtain IRuntime from ResourceManager keyed by device to reuse instance,"Use resource managers to cache and reuse expensive objects, ensuring thread safety and resource efficiency",review_comment,"['resource_management', 'performance_issue']","['scalability', 'thread_safety']",https://github.com/tensorflow/tensorflow/pull/16253
"Behavior of graph segmentation algorithm isn't documented, especially how edges are chosen for contraction",// no documentation of segmentation heuristic,// added documentation on segmentation order and contraction heuristics,Document algorithmic heuristics and deterministic behavior to aid maintenance and debugging,review_comment,"['documentation', 'algorithm_design']","['documentation', 'maintainability']",https://github.com/tensorflow/tensorflow/pull/16253
"Lack of lint check to ensure convert_nodes.cc is updated when types.proto enum list changes, risking inconsistency",// static list of type conversions in convert_nodes.cc,// add IfChangeThenChange lint rule linking types.proto to convert_nodes.cc,Implement automated lint tests to enforce cross-file consistency and catch missing updates,review_comment,"['testing_strategy', 'missing_lint']","['testing', 'maintainability']",https://github.com/tensorflow/tensorflow/pull/16253
PR description is too generic and doesn't detail the specific components and changes introduced,This PR introduces a new op that wraps around an highly optimized TensorRT engine...,- Add TRTEngineOp ... - Add CreateInferenceGraph ... - Update BUILD files ... - Add python package ...,Write detailed PR descriptions with bullet lists of changes to help reviewers understand the scope and impacts,review_comment,"['missing_documentation', 'PR_quality']","['documentation', 'code_review']",https://github.com/tensorflow/tensorflow/pull/16253
"Function signatures take std::set and other large containers by value instead of const reference, causing extra copies",void Foo(std::set<std::string> nodes);,void Foo(const std::set<std::string>& nodes);,Pass large containers by const reference to avoid unnecessary copies and improve performance,review_comment,"['performance_issue', 'code_style']","['performance_optimization', 'coding_conventions']",https://github.com/tensorflow/tensorflow/pull/16253
Parameter 'max_workspace_size' lacks description of units and semantics,size_t max_workspace_size,size_t max_workspace_size  // in bytes,Document parameter units and meaning in API definitions to prevent misuse,review_comment,"['missing_documentation', 'api_clarity']","['documentation', 'api_design']",https://github.com/tensorflow/tensorflow/pull/16253
Using dyn_cast for boolean type checks instead of isa,if (dyn_cast<xla_hlo::AbsOp>(op) || dyn_cast<xla_hlo::ExpOp>(op)) { /*...*/ },if (isa<xla_hlo::AbsOp>(op) || isa<xla_hlo::ExpOp>(op)) { /*...*/ },"Prefer isa<> for type checking when you only care about the type, as it's clearer and more efficient.",review_comment,"['code_style', 'performance_issue']","['code_quality', 'clean_code']",https://github.com/tensorflow/tensorflow/pull/37682
Using find() then insert() to check and add element to set,if (input_set.find(value) == input_set.end()) { inputs.push_back(value); input_set.insert(value); },if (input_set.insert(value).second) { inputs.push_back(value); },Leverage insert's return value to simplify code and avoid redundant lookups.,review_comment,"['code_style', 'performance_issue']","['clean_code', 'performance_optimization']",https://github.com/tensorflow/tensorflow/pull/37682
Repeatedly accessing container element inside loop instead of caching,for (int to : successors) { if (!IsFusible(op_list_[node_from])) continue; /*...*/ },auto &current_op = op_list_[node_from]; for (int to : successors) { if (!IsFusible(current_op)) continue; /*...*/ },Cache repeated data accesses outside of loops to improve readability and performance.,review_comment,"['performance_issue', 'clean_code']","['performance_optimization', 'code_readability']",https://github.com/tensorflow/tensorflow/pull/37682
Manually collecting operands into a vector instead of using provided API,std::vector<Value> ios; for (int idx = 0; idx < op->getNumOperands(); ++idx) ios.push_back(op->getOperand(idx));,auto ios = llvm::to_vector<4>(op->getArguments());,Use provided API methods to simplify code and reduce manual loops.,review_comment,"['code_style', 'api_misuse']","['code_quality', 'clean_code']",https://github.com/tensorflow/tensorflow/pull/37682
Indexing into getResults() vector instead of using getResult(),auto results = call_op.getResults(); auto r = results[idx];,auto r = call_op.getResult(idx);,Prefer direct API functions for clarity and performance.,review_comment,['code_style'],['code_quality'],https://github.com/tensorflow/tensorflow/pull/37682
Manually generating unique function names instead of using SymbolTable utilities,"std::string name = GetUniqueName(...); auto f = FuncOp::create(..., name, ...);","auto f = SymbolTable::insert(module, functionOp);",Use SymbolTable utilities to maintain symbol uniqueness and avoid custom logic.,review_comment,"['code_style', 'dependency_issue']","['maintainability', 'api_design']",https://github.com/tensorflow/tensorflow/pull/37682
"Using std::vector for small-size containers, causing heap allocations",std::vector<Value> inputs;,"SmallVector<Value, 4> inputs;",Use SmallVector when size is typically small to avoid heap allocations.,review_comment,['performance_issue'],"['performance_optimization', 'clean_code']",https://github.com/tensorflow/tensorflow/pull/37682
Manually iterating uses and replacing them instead of using utilities,"for (auto &u : old_value.getUses()) u.getOwner()->replaceUsesOfWith(old_value,new_value);","replaceAllUsesInRegionWith(old_value, new_values, region);",Use provided utility functions to simplify code and reduce error risk.,review_comment,['code_style'],"['code_quality', 'clean_code']",https://github.com/tensorflow/tensorflow/pull/37682
Populating vector without reserving known capacity,std::vector<Type> types; for (auto &v : inputs) types.push_back(v.getType());,std::vector<Type> types; types.reserve(inputs.size()); for (auto &v : inputs) types.push_back(v.getType());,Reserve capacity when populating containers to avoid repeated reallocations.,review_comment,['performance_issue'],['performance_optimization'],https://github.com/tensorflow/tensorflow/pull/37682
"Comparing dialect namespace via string, causing expensive lookups","if (op.getDialect()->getNamespace() == ""xla_hlo"") { /*...*/ }",auto *dialect = context->getRegisteredDialect<xla_hlo::XlaHloDialect>(); if (op.getDialect() == dialect) { /*...*/ },Compare dialect objects by pointer to avoid expensive string comparisons.,review_comment,['performance_issue'],"['performance_optimization', 'clean_code']",https://github.com/tensorflow/tensorflow/pull/37682
Wrapping simple function calls in unnecessary lambdas,"llvm::none_of(container, [](Operation &op) { return op.isTarget(); });","none_of(container, op.isTarget());",Avoid unnecessary lambdas to improve code readability.,review_comment,['code_style'],['clean_code'],https://github.com/tensorflow/tensorflow/pull/37682
Unimplemented stub functions left in code,bool IsShapeProducer(Operation*) { return false; },// Function removed or properly implemented,Remove or implement stubs to avoid dead code and confusion.,issue_comment,['code_maintainability'],"['clean_code', 'defensive_programming']",https://github.com/tensorflow/tensorflow/pull/37682
Invariant computation placed inside loop instead of hoisted,"llvm::all_of(results, [&](Value r){ auto ref = f(results[0]); /*...*/ });","auto ref = f(results[0]); llvm::all_of(results, [&](Value r){ /*...*/ });",Hoist invariant calculations outside loops to improve performance and clarity.,review_comment,['performance_issue'],"['performance_optimization', 'clean_code']",https://github.com/tensorflow/tensorflow/pull/37682
Class name typo: ShapeConstrainAnalysis vs ShapeConstraintAnalysis,class ShapeConstrainAnalysis { /*...*/ };,class ShapeConstraintAnalysis { /*...*/ };,"Use consistent, correct naming for clarity and maintainability.",review_comment,['naming_convention'],"['code_readability', 'maintainability']",https://github.com/tensorflow/tensorflow/pull/37682
Materializing vectors just to iterate adds unnecessary overhead,auto ios = GetInputs(pattern); for (auto v : ios) { /*...*/ },for (auto v : pattern) { /*...*/ },Iterate directly over data sources when possible to avoid unnecessary memory usage.,review_comment,['performance_issue'],['performance_optimization'],https://github.com/tensorflow/tensorflow/pull/37682
Dead or unused code updates applied without purpose,// import script changes not referenced anywhere,// changes reverted or utilized,Remove dead or unused code to improve clarity and reduce maintenance cost.,review_comment,['code_maintainability'],['clean_code'],https://github.com/tensorflow/tensorflow/pull/37682
Complex methods lack documentation,"void MergeClusters(Cluster* a, Cluster* b) { /*...*/ }","/** Merges cluster b into a by... */ void MergeClusters(Cluster* a, Cluster* b) { /*...*/ }",Document complex logic to aid maintainability and onboarding.,review_comment,['missing_documentation'],"['documentation', 'maintainability']",https://github.com/tensorflow/tensorflow/pull/37682
Passing member function directly to template requiring static function,ForEachEdgeInPostOrder(TryToContractEdge);,"ForEachEdgeInPostOrder(std::bind(&FusionPlanner::TryToContractEdge,this,std::placeholders::_1,std::placeholders::_2));",Use std::bind or lambdas to adapt member functions to function template parameters.,review_comment,"['template_error', 'syntax_error']","['error_handling', 'code_readability']",https://github.com/tensorflow/tensorflow/pull/37682
Using insert() indiscriminately when find() is more appropriate,if (!pattern_ids.count(node_id)) pattern_ids[node_id]=id;,auto it = pattern_ids.find(node_id); if (it==pattern_ids.end()) pattern_ids[node_id]=id;,Prefer find() when you need to check existence before special handling to avoid unintended overwrites.,review_comment,['api_misuse'],['clean_code'],https://github.com/tensorflow/tensorflow/pull/37682
Using std containers instead of LLVM ones in MLIR code,std::vector<Operation*> op_list;,"SmallVector<Operation*,4> op_list;",Use LLVM container APIs in MLIR code to benefit from performance and consistency.,review_comment,['dependency_issue'],"['code_quality', 'performance_optimization']",https://github.com/tensorflow/tensorflow/pull/37682
"Including TF-specific headers in MLIR pass, hindering reuse","#include ""tensorflow/compiler/jit/union_find.h""",// Replaced with local or core MLIR utility,Keep pass dependencies minimal to ease reuse and upstreaming.,review_comment,['dependency_issue'],"['maintainability', 'scalability']",https://github.com/tensorflow/tensorflow/pull/37682
Hardcoding checks for specific op types instead of using MLIR interfaces,bool IsElementWise(Operation* op){ return isa<AddOp>(op)||isa<SubOp>(op); },bool IsElementWise(Operation* op){ return op->hasTrait<OpTrait::Elementwise>(); },Use MLIR operation traits and interfaces to generalize code and avoid manual dispatch.,review_comment,['api_misuse'],"['clean_code', 'scalability']",https://github.com/tensorflow/tensorflow/pull/37682
"Single-argument constructor not explicit, allowing implicit conversions",GraphCycles(int node_id);,explicit GraphCycles(int node_id);,Mark single-argument constructors explicit to prevent unintended implicit conversions.,issue_comment,['code_style'],"['defensive_programming', 'clean_code']",https://github.com/tensorflow/tensorflow/pull/37682
Unused private field declared,private: FusionPlanner* planner_;,// Removed unused field,Remove unused fields to reduce clutter and potential confusion.,issue_comment,['code_maintainability'],['clean_code'],https://github.com/tensorflow/tensorflow/pull/37682
Parameter names differ between declaration and definition,"// .h: bool InsertEdge(int src, int dst);
// .cc: bool InsertEdge(int x, int y)","// .cc: bool InsertEdge(int src, int dst)",Keep parameter names consistent to aid comprehension and maintainability.,issue_comment,['naming_convention'],"['maintainability', 'clean_code']",https://github.com/tensorflow/tensorflow/pull/37682
Header file missing include guards,// cycle_detector.h without #ifndef/#define guards,"#ifndef CYCLE_DETECTOR_H
#define CYCLE_DETECTOR_H
... #endif",Add header guards to prevent multiple inclusion and symbol duplication.,issue_comment,['code_style'],"['defensive_programming', 'maintainability']",https://github.com/tensorflow/tensorflow/pull/37682
"Source files missing final newline, causing linter warnings",...last line without newline,...last line with '\n',Always end source files with a newline to satisfy POSIX and linter expectations.,issue_comment,['code_style'],['clean_code'],https://github.com/tensorflow/tensorflow/pull/37682
"Using 'using namespace' in header, causing namespace pollution",using namespace mlir;,using mlir::Operation;,Avoid 'using namespace' in headers to prevent namespace pollution; use specific 'using' declarations.,issue_comment,"['code_style', 'api_misuse']",['clean_code'],https://github.com/tensorflow/tensorflow/pull/37682
"BUILD file entries not sorted alphabetically, causing buildifier errors","    deps = [
      "":xla_hlo_fusion"",
      ""//tensorflow/compiler/jit/graphcycles:graphcycles"",
    ]","    deps = [
      ""//tensorflow/compiler/jit/graphcycles"",
      "":xla_hlo_fusion"",
    ]",Maintain alphabetical ordering in BUILD files to satisfy formatting tools and readability.,issue_comment,"['code_style', 'dependency_issue']",['clean_code'],https://github.com/tensorflow/tensorflow/pull/37682
"Missing return statement in non-void function, causing compiler error",mlir::xla_hlo::XorOp::inferEffectiveWorkloadSize(...) { assert(...); /* no return */ },mlir::xla_hlo::XorOp::inferEffectiveWorkloadSize(...) { assert(...); return /* workload size */; },Ensure all code paths return a value for non-void functions to avoid compiler errors.,issue_comment,"['syntax_error', 'logic_error']","['defensive_programming', 'error_handling']",https://github.com/tensorflow/tensorflow/pull/37682
"No unit tests for cycle_detector, risking regressions",// No test file under transforms for cycle_detector.cc,"// Added cycle_detector_test.cpp with gtests covering insert, remove, reachability",Write unit tests for new data structures to ensure correctness and catch regressions.,issue_comment,['missing_tests'],['testing_strategy'],https://github.com/tensorflow/tensorflow/pull/37682
Unclear testing framework choice (LLVM vs TensorFlow),// No tests added; unclear framework,// Added gtest for data structures and FileCheck tests for IR,Follow project guidelines: use gtest for C++ unit tests and FileCheck for IR tests.,issue_comment,['testing_strategy'],"['testing_strategy', 'project_guidelines']",https://github.com/tensorflow/tensorflow/pull/37682
Outlining fusion into new functions incurs overhead,// Each fusion pattern outlined into a separate FuncOp,// Use region-based fusion op like xla_lhlo.fusion to embed regions,"For performance and simplicity, consider region-based fusion ops to avoid function call overhead.",issue_comment,"['design_pattern', 'performance_issue']","['api_design', 'performance_optimization']",https://github.com/tensorflow/tensorflow/pull/37682
"Major work proceeded without prior RFC, risking misalignment",// Implementation started before community design discussion,// Submitted RFC and PPT; engaged community for feedback,Align with community by submitting RFCs before implementing major features to ensure coordination.,issue_comment,['project_management'],"['process', 'collaboration']",https://github.com/tensorflow/tensorflow/pull/37682
API definition pbtxt files missing required fields and incorrect indentation,"op {
  graph_op_name:
    ""RequantizationRangePerChannel"" visibility : HIDDEN
}","op {
  graph_op_name: ""RequantizationRangePerChannel""
  visibility: HIDDEN
  summary: ""...""
  description: ""...""
}","API definition files should include summary, description, and correctly formatted input/output sections to ensure completeness and readability",review_comment,"['missing_documentation', 'formatting', 'api_definition']","['documentation', 'code_readability']",https://github.com/tensorflow/tensorflow/pull/25203
BUILD file srcs list unnecessarily split across multiple lines for a single file,"srcs = [
    ""requantization_range_op_test.cc"",
]","srcs = [""requantization_range_op_test.cc""]",Keep lists with a single element on one line to improve readability in build files,review_comment,"['code_style', 'formatting']",['code_readability'],https://github.com/tensorflow/tensorflow/pull/25203
Extra line containing only a bracket in BUILD file causing formatting inconsistency,"deps = if_mkl(
    [
        "":cwise_op"",
    ],
)","deps = if_mkl(["":cwise_op""])",Avoid unnecessary line breaks in build file syntax to maintain clarity and consistency,review_comment,"['code_style', 'formatting']",['maintainability'],https://github.com/tensorflow/tensorflow/pull/25203
Dependencies in BUILD file not sorted alphabetically,"deps = [
    "":transpose_functor"",
    "":quantization_utils"",
]","deps = [
    "":quantization_utils"",
    "":transpose_functor"",
]",Maintain alphabetical sorting of dependencies in build files to improve discoverability and reduce merge conflicts,review_comment,"['dependency_issue', 'formatting']","['maintainability', 'code_quality']",https://github.com/tensorflow/tensorflow/pull/25203
Eigen::NumTraits<T>::lowest() yields an asymmetric range edge-case,const int64 lowest = static_cast<int64>(Eigen::NumTraits<T>::lowest());,"int64 lowest = static_cast<int64>(Eigen::NumTraits<T>::lowest());
if (lowest < -highest) lowest += 1;  // adjust to ensure symmetric range",Defensively adjust numeric limits to handle asymmetric trait edge-cases and document the rationale,review_comment,"['logic_error', 'edge_case']","['defensive_programming', 'numeric_stability']",https://github.com/tensorflow/tensorflow/pull/25203
Use of CHECK for parameter validation instead of DCHECK,CHECK(min_b_vector.NumElements() == (*min_c_vector)->NumElements());,"DCHECK(min_b_vector.NumElements() == (*min_c_vector)->NumElements());
DCHECK(max_b_vector.NumElements() == (*max_c_vector)->NumElements());",Use DCHECK for debug-only assertions to avoid performance overhead in release builds,review_comment,"['performance_issue', 'debugging']","['error_handling', 'debug_logging']",https://github.com/tensorflow/tensorflow/pull/25203
Missing OpenMP pragma for parallelizing channel-wise loop,for (size_t n = 0; n < n_channel; ++n) { ... },"#pragma omp parallel for
for (size_t n = 0; n < n_channel; ++n) { ... }",Leverage parallelism with OpenMP pragmas to optimize performance for independent loop iterations,review_comment,"['performance_issue', 'concurrency']","['performance_optimization', 'parallelism']",https://github.com/tensorflow/tensorflow/pull/25203
Outdated license header year,/* Copyright 2018 The TensorFlow Authors. */,/* Copyright 2019 The TensorFlow Authors. */,Keep license headers up to date to accurately reflect contributions and maintain legal clarity,review_comment,"['legal', 'documentation']",['maintainability'],https://github.com/tensorflow/tensorflow/pull/25203
Project and system headers not grouped correctly,"#include ""tensorflow/core/framework/op.h""
#include <math.h>","#include <cmath>

#include ""tensorflow/core/framework/op.h""",Group C/C++ standard headers separately from project headers to follow common style conventions,review_comment,"['code_style', 'formatting']",['code_readability'],https://github.com/tensorflow/tensorflow/pull/25203
Loop increment uses post-increment instead of pre-increment,for (size_t i = 0; i < depth; i++) { ... },for (size_t i = 0; i < depth; ++i) { ... },Prefer pre-increment in loops for consistency and potential micro-optimizations,review_comment,['code_style'],['code_quality'],https://github.com/tensorflow/tensorflow/pull/25203
Separate loops for computing ranges and finding maximum leads to unnecessary passes over data,"// Loop 1: compute ranges and is_non_negative
for (...) { compute ranges[i]; if (...) is_non_negative = false; }
// Loop 2: compute out_min_max
for (...) { if (out_min_max < ranges[i]) out_min_max = ranges[i]; }","#pragma omp parallel for
for (...) { compute ranges[i]; if (...) is_non_negative = false; if (ranges[i] > out_min_max) out_min_max = ranges[i]; }",Combine related loops to reduce data passes and improve performance and readability,review_comment,"['performance_issue', 'code_refactoring']","['performance_optimization', 'code_refactoring']",https://github.com/tensorflow/tensorflow/pull/25203
Using multiplication by -1.0f instead of unary negation for negating a value,output_min->flat<float>()(0) = is_non_negative ? 0.0f : out_min_max * -1.0f;,output_min->flat<float>()(0) = is_non_negative ? 0.0f : -out_min_max;,Use clear and idiomatic expressions (unary negation) instead of less intuitive multiplications,review_comment,['code_style'],['clean_code'],https://github.com/tensorflow/tensorflow/pull/25203
Hardcoded numeric index for input tensor,const Tensor& input_min = ctx->input(1);,"const int kInputMinIndex = 1;
const Tensor& input_min = ctx->input(kInputMinIndex);",Replace magic numbers with named constants to improve code clarity and maintainability,review_comment,"['magic_number', 'code_style']","['code_readability', 'maintainability']",https://github.com/tensorflow/tensorflow/pull/25203
API compatibility test failed due to missing entries for new hidden ops in golden files,Golden pbtxt did not include RequantizationPerChannel and RequantizationRangePerChannel,Run api_compatibility_test with --update_goldens to regenerate tensorflow/tools/api/golden/* pbtxt files including the new hidden ops,"When adding new API methods or hidden ops, update the API golden files via the provided test harness to keep compatibility tests passing",issue_comment,"['testing_strategy', 'ci_cd', 'missing_tests']","['testing_strategy', 'ci_cd']",https://github.com/tensorflow/tensorflow/pull/25203
Forgot to pass --only_test_core_api flag when updating golden files for hidden ops,bazel-bin/api_compatibility_test --update_goldens True,bazel-bin/api_compatibility_test --update_goldens True --only_test_core_api=True,"Understand test harness flags and ensure the appropriate flags (e.g., --only_test_core_api) are set when updating golden files",issue_comment,"['testing_strategy', 'ci_configuration']","['testing_strategy', 'ci_configuration']",https://github.com/tensorflow/tensorflow/pull/25203
Inconsistent Bazel versions between local and CI leading to test discrepancies,Local Bazel 0.19.2 (Ubuntu xfce 4.12),Align local Bazel version with CI or specify a consistent Bazel version in documentation/build configs,Ensure environment and tool versions match between local development and CI to avoid reproducibility issues,issue_comment,"['environment', 'reproducibility']","['ci_configuration', 'reproducibility']",https://github.com/tensorflow/tensorflow/pull/25203
Contributor License Agreement check failed due to unregistered commit author emails,,,Ensure all commit authors and co-authors have signed the CLA using the same email addresses as in commits to pass automated checks,issue_comment,"['legal', 'process_issue']","['process', 'legal_compliance']",https://github.com/tensorflow/tensorflow/pull/25203
Unusual git rebasing problem caused original PR to require reopening,Original PR #25038 had rebasing issues,Reopened PR and ensured branch history integrity,Avoid rewriting published PR history; use merge strategies that preserve commit integrity to prevent PR disruptions,issue_comment,"['git', 'version_control']","['version_control', 'process']",https://github.com/tensorflow/tensorflow/pull/25203
Author did not resolve review comments via GitHub's resolve feature,,,Use GitHub's comment resolution feature to track review progress and avoid confusion,issue_comment,"['process_issue', 'tools']","['collaboration', 'tooling']",https://github.com/tensorflow/tensorflow/pull/25203
Delays in review/test feedback required gentle pings to maintain momentum,,,Regularly follow up on pending reviews and test fixes to keep the PR moving forward,issue_comment,"['process_issue', 'communication']","['collaboration', 'process']",https://github.com/tensorflow/tensorflow/pull/25203
Using bare `assert` for error checking in TF kernel,"// uses C assert
assert(rank == desired_shape.size());","OP_REQUIRES(context, rank == desired_shape.size(),
            errors::InvalidArgument(""rank must equal desired_shape length""));",Use TensorFlow’s OP_REQUIRES macros for error handling instead of bare asserts to return clean Status errors.,issue_comment,"['error_handling', 'api_misuse']","['defensive_programming', 'error_handling']",https://github.com/tensorflow/tensorflow/pull/9376
Operation name `shuffle` is misleading (no randomness),"REGISTER_OP(""Shuffle"") ...","REGISTER_OP(""PeriodicIntersperse"") ...","Choose intuitive, domain‐appropriate operation names that match functionality and existing conventions.",issue_comment,['naming_convention'],"['api_design', 'clean_code']",https://github.com/tensorflow/tensorflow/pull/9376
Using LaTeX/MathJax in docstring not matching existing op docs,// doc: math written in LaTeX \(S_q=\lfloor t/s\rfloor\),".Doc(R""doc(
  /* math formatted like other TF ops, no raw LaTeX */
)doc"")",Follow the project’s established documentation formatting conventions rather than introducing unsupported syntax.,issue_comment,"['documentation', 'consistency']","['documentation', 'clean_code']",https://github.com/tensorflow/tensorflow/pull/9376
Missing CLA sign‐off for all commit authors,,,Ensure all commit authors have signed the Contributor License Agreement with matching emails before merging.,issue_comment,['process_compliance'],['project_governance'],https://github.com/tensorflow/tensorflow/pull/9376
Dead/commented out code in BUILD file,"#tf_gen_op_libs(
# ...",<removed all commented sections>,Remove commented‐out code and dead blocks to keep the codebase clean and maintainable.,review_comment,"['code_style', 'dead_code']","['clean_code', 'maintainability']",https://github.com/tensorflow/tensorflow/pull/9376
Missing closing brace for namespace,"namespace tensorflow {
... // no closing '}'","}
}  // namespace tensorflow",Always close namespaces properly and add comments on closing braces for clarity.,review_comment,"['code_style', 'syntax_error']",['code_readability'],https://github.com/tensorflow/tensorflow/pull/9376
Avoid `using namespace` in headers,using namespace tensorflow;,namespace tf = ::tensorflow;,Prevent namespace pollution by using explicit namespace qualifiers or aliases instead of `using namespace` in headers.,review_comment,"['code_style', 'namespace_usage']","['clean_code', 'encapsulation']",https://github.com/tensorflow/tensorflow/pull/9376
Extraneous 'NOTE' markers in comments,// NOTE: input is C‐ordered,// input is C‐ordered,Keep comments concise by removing arbitrary markers and focusing on useful information.,review_comment,"['code_style', 'comment_quality']","['clean_code', 'commenting']",https://github.com/tensorflow/tensorflow/pull/9376
Test import order unclear,"import numpy as np
import tensorflow as tf
from tensorflow.contrib...","import tensorflow as tf
from tensorflow.contrib...
import numpy as np","Order imports to clarify module dependencies and follow project conventions (standard libs, third‐party, local).",review_comment,"['code_style', 'import_order']",['code_readability'],https://github.com/tensorflow/tensorflow/pull/9376
Missing Apache license header in new files,#ifndef ...,"// Copyright 2016 The TensorFlow Authors...
#ifndef ...",Include the required license header in all new source files to comply with legal requirements.,review_comment,"['licensing', 'compliance']",['project_governance'],https://github.com/tensorflow/tensorflow/pull/9376
Unidiomatic loop with internal break,"for (auto r = rank - 1;; --r) {
  ...
  if (r == 0) break;
}","for (auto r = rank - 1; r >= 0; --r) {
  ...
}",Use clear loop conditions instead of breaks to improve readability and intent.,review_comment,"['code_style', 'readability']",['clean_code'],https://github.com/tensorflow/tensorflow/pull/9376
Spelling error in docstring ('Periodicly'),".Doc(R""doc(
Periodicly intersperses...",".Doc(R""doc(
Periodically intersperses...",Proofread documentation for spelling and grammar mistakes to maintain professionalism.,review_comment,"['documentation', 'typo']","['documentation', 'clean_code']",https://github.com/tensorflow/tensorflow/pull/9376
Function name breaks naming convention (`create_output_Tensor`),void create_output_Tensor(...),void create_output_tensor(...),Use consistent naming conventions (snake_case for functions) across the codebase.,review_comment,"['naming_convention', 'code_style']",['clean_code'],https://github.com/tensorflow/tensorflow/pull/9376
Conditional statements missing braces or inconsistent style,"if (foo) bar();
else baz();","if (foo) {
  bar();
} else {
  baz();
}",Follow the style guide by either using single-line ifs or always using braces for clarity and consistency.,review_comment,['code_style'],"['clean_code', 'style_consistency']",https://github.com/tensorflow/tensorflow/pull/9376
Template parameter names not CamelCase,"template<class IndexVec_t, class Index_t>","template<class IndexVecT, class IndexT>",Name template parameters using CamelCase to distinguish them from types and variables.,review_comment,['naming_convention'],['clean_code'],https://github.com/tensorflow/tensorflow/pull/9376
Using NULL instead of nullptr,Tensor* output_tensor = NULL;,Tensor* output_tensor = nullptr;,Use `nullptr` in modern C++ for pointer initialization to avoid ambiguity.,review_comment,"['code_style', 'modern_cpp']","['clean_code', 'best_practices']",https://github.com/tensorflow/tensorflow/pull/9376
REGISTER_KERNEL_BUILDER missing TypeConstraint for T,".REGISTER_KERNEL_BUILDER(Name(""PeriodicIntersperse"")
  .HostMemory(""desired_shape"")
  .Device(DEVICE_GPU),...",".TypeConstraint<type>(""T"")","When registering kernels, always specify `.TypeConstraint` for template types to enforce correct specialization.",review_comment,"['api_design', 'correctness']",['defensive_programming'],https://github.com/tensorflow/tensorflow/pull/9376
"Single-letter variable names (`i`, `r`, `q`) reduce readability","IndexT compute_input_index(..., const int& q, ...)
for (auto r = rank - 1; ...; --r)","const int adjustable_dim_index
for (auto dim = rank - 1; dim >= 0; --dim)",Use descriptive variable names instead of single-letter identifiers to improve code readability.,review_comment,['readability'],['clean_code'],https://github.com/tensorflow/tensorflow/pull/9376
Generic helper function named `main_logic` is too vague,"template<class T, class Vec_t>
void main_logic(OpKernelContext* context, ...)","void ComputePeriodicIntersperse(OpKernelContext* context, ...)",Give functions descriptive names that clearly convey their purpose.,review_comment,['naming_convention'],['clean_code'],https://github.com/tensorflow/tensorflow/pull/9376
Helper functions in headers not in anonymous namespace,IndexT compute_input_index(...),"namespace {
IndexT compute_input_index(...)
}",Place internal helper functions in anonymous namespaces to limit symbol visibility.,review_comment,['encapsulation'],['code_organization'],https://github.com/tensorflow/tensorflow/pull/9376
Non-const reference parameters for outputs,"IndexT compute_input_index(..., IndexT& result, ...)","IndexT compute_input_index(..., IndexT* result, ...)",Prefer pointers over non-const references for output parameters to clarify intent.,review_comment,['api_design'],['clean_code'],https://github.com/tensorflow/tensorflow/pull/9376
Redundant template parameters when one derives the other,"template<class IndexVecT, class IndexT>",template<class IndexT>,Simplify templates by removing unnecessary parameters when types are dependent.,review_comment,"['code_simplification', 'templates']",['maintainability'],https://github.com/tensorflow/tensorflow/pull/9376
Unnecessary scope blocks around code,"{
  // un-rasterize block
  ...
}","// un-rasterize code inline without extra braces
...",Avoid extra scope blocks to reduce nesting and improve code clarity.,review_comment,"['code_style', 'readability']",['clean_code'],https://github.com/tensorflow/tensorflow/pull/9376
"Missing header files causing build errors (e.g. ""tensorflow/contrib/seastar/seastar_channel_cache.h"", ""core/sleep.hh"", ""core/future-util.hh"", ""core/channel.hh"")","#include ""tensorflow/contrib/seastar/seastar_channel_cache.h""
#include ""tensorflow/contrib/seastar/seastar_client.h""
#include ""core/sleep.hh""
#include ""core/future-util.hh""
#include ""core/channel.hh""",Add the missing header files to the repository or correct the include paths so that the headers exist and can be found by the compiler.,Ensure that all #include references point to existing files; maintain and verify project dependencies and include paths.,review_comment,"['dependency_management', 'build_error', 'missing_file']","['dependency_management', 'code_quality']",https://github.com/tensorflow/tensorflow/pull/27454
"Use of arbitrary literal values (""AAAAAAAA"" and 32) as magic debug values without explanation","memcpy(tag->req_header_buf_.data_, ""AAAAAAAA"", 8);
...
tag->req_header_buf_.len_ = 32;","static const size_t kMagicDebugPrefixLen = 8;
static const char kMagicDebugPrefix[] = ""CAFEBABE"";
static const size_t kHeaderLen = 32;
memcpy(tag->req_header_buf_.data_, kMagicDebugPrefix, kMagicDebugPrefixLen);
tag->req_header_buf_.len_ = kHeaderLen;",Avoid magic numbers and unexplained literals; use well-named constants or standard values to improve readability and maintainability.,review_comment,"['magic_number', 'code_style']","['clean_code', 'maintainability']",https://github.com/tensorflow/tensorflow/pull/27454
Functions initializing client tags do not return a Status to indicate success or failure,void InitSeastarClientTag(...);,Status InitSeastarClientTag(...) { ...; return Status::OK(); },"Provide consistent error handling by returning Status objects for functions that may fail, rather than using void.",review_comment,"['error_handling', 'api_design']","['defensive_programming', 'api_design']",https://github.com/tensorflow/tensorflow/pull/27454
Use of non-portable GCC __sync_sub_and_fetch and raw int* for synchronization,"int *fuse_counter = new int(fuse_count);
...__sync_sub_and_fetch(fuse_counter, 1)","std::atomic<int> fuse_counter(fuse_count);
if (--fuse_counter == 0) { ... }",Prefer standard C++ <atomic> types over compiler-specific builtins for portability and clarity in concurrent code.,review_comment,"['thread_safety', 'portability']","['defensive_programming', 'performance_optimization']",https://github.com/tensorflow/tensorflow/pull/27454
Presence of internal or project-specific comments not relevant to external contributors,"// NOTE(rangeng.llb): Maybe this is in seastar thread, retry by schedule again.",(comment removed),"Keep comments focused on generic, universally understandable context; avoid internal references or TODOs that are not actionable by all contributors.",review_comment,"['comment_quality', 'dead_code']","['clean_code', 'maintainability']",https://github.com/tensorflow/tensorflow/pull/27454
Incorrect use of port::NumAllCPUs() instead of the correct port::NumTotalCPUs(),for (auto i = INIT_CPU_ID; i < port::NumAllCPUs(); ++i) {,for (auto i = INIT_CPU_ID; i < port::NumTotalCPUs(); ++i) {,Follow upstream API naming conventions and deprecation notes to ensure compatibility and reduce confusion.,review_comment,"['api_misuse', 'naming_convention']","['api_design', 'code_quality']",https://github.com/tensorflow/tensorflow/pull/27454
"Callbacks invoked before associated resources (e.g., worker interfaces) are released, leading to potential use-after-release","call->done(...);
session()->worker_cache->ReleaseWorker(...);","session()->worker_cache->ReleaseWorker(...);
call->done(...);",Ensure proper ordering when invoking callbacks and releasing resources to avoid race conditions and memory errors.,review_comment,"['resource_management', 'race_condition']","['defensive_programming', 'error_handling']",https://github.com/tensorflow/tensorflow/pull/27454
Inclusion of entire Boost.Asio library for small utility functions,"#include ""boost/asio/ip/address_v4.hpp""",Implement minimal IP address parsing in a small standalone utility without pulling in the full Boost dependency.,"Minimize external dependencies, especially large ones, when only a subset of functionality is needed to keep build times and binary sizes down.",review_comment,"['dependency_management', 'performance_issue']","['scalability', 'build_performance']",https://github.com/tensorflow/tensorflow/pull/27454
"Use of C headers in C++ code (e.g., <assert.h>)",#include <assert.h>,#include <cassert>,Use C++ standard library headers to ensure proper namespace scoping and increased portability.,review_comment,"['code_style', 'portability']","['clean_code', 'maintainability']",https://github.com/tensorflow/tensorflow/pull/27454
"Direct usage of Linux-specific system calls (e.g., gettimeofday, pthread.h)","#include <sys/time.h>
gettimeofday(&_start, nullptr);",int64_t start_ns = absl::GetCurrentTimeNanos();,Use cross-platform time and threading abstractions to maintain portability across operating systems.,review_comment,"['portability', 'os_dependency']","['clean_code', 'scalability']",https://github.com/tensorflow/tensorflow/pull/27454
Throwing std::runtime_error or including <stdexcept> in TensorFlow C++ code,"#include <stdexcept>
throw std::runtime_error(""error"");","return Status(error::INTERNAL, ""error"");","Adhere to the project's error handling conventions (e.g., returning Status objects) rather than using exceptions for consistency.",review_comment,"['error_handling', 'api_misuse']","['defensive_programming', 'api_design']",https://github.com/tensorflow/tensorflow/pull/27454
"Unnecessary use of #pragma once in headers, conflicting with project conventions",#pragma once,"Use standard include guards (e.g., #ifndef/#define/…/#endif) consistent with rest of codebase.",Follow the project's header guard conventions for consistency and compiler compatibility.,review_comment,"['code_style', 'build']","['maintainability', 'code_readability']",https://github.com/tensorflow/tensorflow/pull/27454
Stray empty lines and inconsistent formatting in patches,<diff hunks with random empty lines>,Run clang-format or equivalent to normalize formatting before submitting.,Automate formatting checks to maintain a clean and consistent code style across contributions.,review_comment,"['code_style', 'formatting']","['code_readability', 'maintainability']",https://github.com/tensorflow/tensorflow/pull/27454
Serialization and deserialization code scattered across multiple locations,Multiple uses of ParseFromArray and SerializeToArray scattered throughout client and server code,"Consolidate serialization logic into a dedicated module or class (e.g., seastar_tensor_coding).",Group related functionality into modules to reduce code duplication and improve maintainability.,review_comment,"['code_organization', 'duplication']","['modularity', 'maintainability']",https://github.com/tensorflow/tensorflow/pull/27454
Large blocks of code commented out instead of deleting or revising,"// #include ""tensorflow/contrib/seastar/...""
// multiple commented lines",Remove commented-out code entirely and rely on version control to retrieve old code.,Avoid commenting out code in the repository; use version control for history to keep codebase clean.,review_comment,"['dead_code', 'code_style']","['clean_code', 'maintainability']",https://github.com/tensorflow/tensorflow/pull/27454
Missing unit tests for dynamic decoder,,,Always include automated unit tests when adding new functionality to ensure correctness and prevent regressions.,issue_comment,['missing_tests'],"['testing_strategy', 'maintainability']",https://github.com/tensorflow/tensorflow/pull/4686
Importing from contrib.layers in core ops module,from tensorflow.contrib.layers import fully_connected,<import removed or moved to contrib module; use core ops only>,Adhere to project layering and dependency policies: core code should not depend on contrib modules.,review_comment,"['dependency_issue', 'architecture_violation']","['project_structure', 'dependency_management']",https://github.com/tensorflow/tensorflow/pull/4686
Combining training and evaluation graphs in a single API,"def dynamic_rnn_decoder(...)
    return outputs_train, outputs_eval",Provide separate functions or separate graph construction paths for training and inference,"Separate training and inference code for clarity, maintainability, and performance.",review_comment,"['api_design', 'performance_issue']","['separation_of_concerns', 'performance_optimization']",https://github.com/tensorflow/tensorflow/pull/4686
Wildcard import causing namespace pollution,from tensorflow.contrib.seq2seq.python.ops.layers import *,import tensorflow.contrib.seq2seq.python.ops.layers as layers  # use layers.foo,Avoid wildcard imports; explicitly import modules or symbols to maintain a clear namespace.,review_comment,"['code_style', 'namespace_pollution']","['clean_code', 'code_readability']",https://github.com/tensorflow/tensorflow/pull/4686
Local constants named in ALL_CAPS inside function,BATCH_SIZE = 2,batch_size = 2,Use naming conventions correctly: reserve ALL_CAPS for module-level constants.,review_comment,['naming_convention'],"['code_style', 'readability']",https://github.com/tensorflow/tensorflow/pull/4686
Non-descriptive test function name,def test_rnn_decoder1(self):,def test_rnn_decoder_time_major_false(self):,Use descriptive test names that clearly convey the scenario being tested.,review_comment,"['naming_convention', 'testing']","['testing_strategy', 'code_readability']",https://github.com/tensorflow/tensorflow/pull/4686
Using backslashes for line continuations,"decoder_outputs, valid_decoder_outputs = \","decoder_outputs, valid_decoder_outputs = (
    rnn.raw_rnn(...)
)",Prefer using parentheses for multi-line expressions rather than backslashes for better readability and robustness.,review_comment,['code_style'],['clean_code'],https://github.com/tensorflow/tensorflow/pull/4686
Ambiguous filename layers.py instead of seq2seq.py,# file: layers.py  (implements seq2seq decoder),# file renamed to seq2seq.py,Name files to reflect their purpose and contents for easier navigation.,review_comment,['code_organization'],['naming_convention'],https://github.com/tensorflow/tensorflow/pull/4686
Local imports inside functions instead of module level,"def foo():
    from tensorflow.python.ops import tensor_array_ops","# at top of file
from tensorflow.python.ops import tensor_array_ops",Place imports at the module level to improve clarity and avoid repeated imports at runtime.,review_comment,['code_style'],['clean_code'],https://github.com/tensorflow/tensorflow/pull/4686
Inconsistent argument name: decoder_inputs vs inputs,"def rnn_decoder(cell, decoder_inputs, ...):","def rnn_decoder(cell, inputs, ...):",Use consistent and concise parameter names across APIs to reduce confusion.,review_comment,['naming_convention'],['api_design'],https://github.com/tensorflow/tensorflow/pull/4686
Docstring uses single quotes instead of backticks for code reference,RNNCell 'cell',RNNCell `cell`,Format code elements in documentation using backticks for clarity.,review_comment,"['documentation', 'formatting']","['documentation', 'code_readability']",https://github.com/tensorflow/tensorflow/pull/4686
sequence_length argument unnecessary for inference,"def rnn_decoder(..., sequence_length, ...): # used in both train and eval",# for inference only require decoder_fn to signal EOS; sequence_length only used in training,Design APIs that separate training and inference concerns; rely on model-driven stop conditions for evaluation.,review_comment,"['api_design', 'logic_error']","['separation_of_concerns', 'api_design']",https://github.com/tensorflow/tensorflow/pull/4686
parallel_iterations default inconsistent with documentation,"def rnn_decoder(..., parallel_iterations=None, ...):","def rnn_decoder(..., parallel_iterations=32, ...):",Ensure function default values match documented behavior to avoid confusion.,review_comment,"['documentation', 'api_design']","['documentation', 'api_consistency']",https://github.com/tensorflow/tensorflow/pull/4686
encoder_projection default set at global namespace,"# global
encoder_projection = partial(fully_connected, ...)

def rnn_decoder(..., encoder_projection=encoder_projection, ...):","def rnn_decoder(..., encoder_projection=None, ...):
    if encoder_projection is None:
        encoder_projection = partial(fully_connected, ...)
",Avoid using complex defaults in the global namespace; initialize defaults inside functions to improve readability and avoid import cycles.,review_comment,"['code_organization', 'dependency_injection']","['clean_code', 'best_practice']",https://github.com/tensorflow/tensorflow/pull/4686
Docstring missing documentation for default behaviors,"""""""Args: ...""""""","""""""Args: ...
    encoder_projection: (optional) ... defaults to a tanh projection
    parallel_iterations: (optional) number of iterations (default: 32)
""""""",Document all parameters and their defaults in docstrings to aid API users.,review_comment,['documentation'],['documentation'],https://github.com/tensorflow/tensorflow/pull/4686
Inline code examples not formatted as fenced code blocks,<inline python code in docstring>,"```python
# example code
```",Use fenced code blocks in documentation for better readability and syntax highlighting.,review_comment,"['documentation', 'formatting']",['documentation'],https://github.com/tensorflow/tensorflow/pull/4686
Docstring references private function _extract_argmax_and_embed,The decoder function is closely related to `_extract_argmax_and_embed`.,Describe required signature and behavior of decoder_fn without referencing internal details.,Public documentation should not reference private implementation details; describe behavior and interface instead.,review_comment,"['documentation', 'api_design']","['abstraction', 'documentation']",https://github.com/tensorflow/tensorflow/pull/4686
Manual linear projection instead of using library utility,"prev = tf.matmul(state, weight) + bias",prev = tf.contrib.layers.linear(state),Prefer using existing library functions for common operations to reduce boilerplate and potential errors.,review_comment,"['performance_optimization', 'code_reuse']","['code_reuse', 'performance_optimization']",https://github.com/tensorflow/tensorflow/pull/4686
Presence of TODO comments in code,elements_finished = (time >= sequence_length) #TODO handle seq_len=None,# TODO removed by implementing sequence_length requirement or handling None case,Resolve or remove TODOs before merging code to maintain code quality and avoid lingering technical debt.,review_comment,['clean_code'],['code_quality'],https://github.com/tensorflow/tensorflow/pull/4686
Not validating static shape for decoder input depth,decoder_input_depth = int(decoder_inputs.get_shape()[2]),"depth = decoder_inputs.get_shape()[2].value
if depth is None:
    raise ValueError('decoder_inputs must have known depth')
decoder_input_depth = int(depth)",Validate required static shapes early and raise clear errors when assumptions are violated.,review_comment,"['defensive_programming', 'robustness']","['error_handling', 'defensive_programming']",https://github.com/tensorflow/tensorflow/pull/4686
Documentation example inconsistent with implementation,"# doc shows rnn_decoder returns (outputs, state)","# doc updated to show rnn_decoder returns (outputs_train, outputs_eval)",Keep documentation and code examples in sync to prevent confusion among users.,review_comment,"['documentation', 'consistency']","['documentation', 'code_quality']",https://github.com/tensorflow/tensorflow/pull/4686
Overly complex class-based API; functional style preferred,"class RNNDecoder:
    def loop_fn_train(...): ...","def decoder_fn_train(encoder_state):
    def decoder_fn(...): ...
    return decoder_fn","Favor simple, functional abstractions over complex class hierarchies for ease of understanding and incremental development.",issue_comment,"['code_complexity', 'api_design']","['simplicity', 'maintainability']",https://github.com/tensorflow/tensorflow/pull/4686
Custom decoder_fn signature does not match raw_rnn loop_fn signature,"def decoder_fn(time, cur_state, cur_output, cur_input, context): ...","def decoder_fn(time, cell_output, cell_state, loop_state): ...",Align custom API signatures with underlying framework functions to reduce confusion and integration errors.,issue_comment,"['api_misuse', 'interface_mismatch']","['api_design', 'compatibility']",https://github.com/tensorflow/tensorflow/pull/4686
Allowing sequence_length=None leads to infinite loops and OOM,sequence_length=None,sequence_length must be int vector or scalar max length; raise if None,Validate loop termination conditions and guard against infinite loops to prevent resource exhaustion.,issue_comment,"['resource_exhaustion', 'performance_issue']","['defensive_programming', 'resource_management']",https://github.com/tensorflow/tensorflow/pull/4686
Empty statement (redundant semicolon) detected,;,(statement removed),Remove redundant semicolons and empty statements to avoid confusion and maintain code clarity,issue_comment,"['redundant_code', 'code_smell']","['clean_code', 'maintainability']",https://github.com/tensorflow/tensorflow/pull/50489
Contributor unfamiliar with GitHub flow,,,Provide clear onboarding documentation and guidance for contributors unfamiliar with the branch workflow,issue_comment,"['process', 'documentation']","['team_onboarding', 'collaboration']",https://github.com/tensorflow/tensorflow/pull/50489
"Contributor lacked permission to approve PR, causing delays",,,Ensure contributors have the necessary permissions to perform required actions early in the process,issue_comment,"['permissions', 'process']","['team_collaboration', 'onboarding']",https://github.com/tensorflow/tensorflow/pull/50489
"Use llvm::StringMap instead of std::unordered_map<string,...> for string-keyed maps",#include <unordered_map>,"#include ""llvm/ADT/StringMap.h""",Prefer platform-specific or library-provided data structures optimized for the domain over generic STL containers,review_comment,"['performance_issue', 'platform_specific']","['performance_optimization', 'api_design']",https://github.com/tensorflow/tensorflow/pull/50489
Function parameters take std::set<std::string> by value causing unnecessary copies,"SmallVector<StringRef, 3> GetEinsumLoopsAttrs(
    std::set<std::string> input_ind, std::set<std::string> reduction_dims) {","SmallVector<StringRef, 3> GetEinsumLoopsAttrs(
    const std::set<std::string> &input_ind, const std::set<std::string> &reduction_dims) {",Pass large or non-trivial objects by (const) reference to avoid unnecessary copies,review_comment,"['performance_issue', 'copy_semantics']","['performance_optimization', 'clean_code']",https://github.com/tensorflow/tensorflow/pull/50489
Missing braces in multi-line if/else constructs,"if (reduction_dims.find(dim) == reduction_dims.end())
    res.push_back(getParallelIteratorTypeName());
else
    res.push_back(getReductionIteratorTypeName());","if (reduction_dims.find(dim) == reduction_dims.end()) {
    res.push_back(getParallelIteratorTypeName());
} else {
    res.push_back(getReductionIteratorTypeName());
}",Always use braces for conditional blocks to improve readability and prevent errors,review_comment,"['code_style', 'bracing_style']","['clean_code', 'code_readability']",https://github.com/tensorflow/tensorflow/pull/50489
Use llvm::StringSet instead of std::set<std::string> for string sets,#include <set>,"#include ""llvm/ADT/StringSet.h""",Leverage specialized data structures from the codebase for better performance and memory efficiency,review_comment,"['performance_issue', 'platform_specific']","['performance_optimization', 'api_design']",https://github.com/tensorflow/tensorflow/pull/50489
Variable name 'tensorCur_type' does not follow naming conventions,auto tensorCur_type = tensor_val.getType().dyn_cast<RankedTensorType>();,auto tensor_cur_type = tensor_val.getType().dyn_cast<RankedTensorType>();,"Follow consistent naming conventions (e.g., snake_case) to improve code readability",review_comment,['naming_convention'],"['clean_code', 'naming_convention']",https://github.com/tensorflow/tensorflow/pull/50489
Non-descriptive variable name 'output_exprs',(variable named 'output_exprs'),(variable renamed to follow naming guidelines),Use clear and consistent variable names to improve readability and maintainability,review_comment,['naming_convention'],"['clean_code', 'code_readability']",https://github.com/tensorflow/tensorflow/pull/50489
Redundant explicit template parameter provided to SmallVector,"SmallVector<AffineExpr, 4> OutputExpr;",SmallVector<AffineExpr> OutputExpr;,Leverage default template parameters when available to simplify code,review_comment,['code_simplification'],['clean_code'],https://github.com/tensorflow/tensorflow/pull/50489
Unused function getExprFromConfig,"SmallVector<AffineExpr, 4> getExprFromConfig(...) { ... }",(function removed),Remove dead or unused code to keep the codebase clean and maintainable,review_comment,['dead_code'],"['clean_code', 'maintainability']",https://github.com/tensorflow/tensorflow/pull/50489
Reduction region lambda defined separately despite single use,"auto reduction_region = ...;
rewriter.create<linalg::GenericOp>(..., reduction_region);","rewriter.create<linalg::GenericOp>(..., [&](OpBuilder &b, Location loc, ValueRange args) { ... });",Inline single-use lambdas or callbacks to improve locality and reduce unnecessary code indirection,review_comment,['code_readability'],['clean_code'],https://github.com/tensorflow/tensorflow/pull/50489
Using '->' to access results instead of '.' on an object,"rewriter.replaceOp(op, linalg_op->getResults());","rewriter.replaceOp(op, linalg_op.getResults());",Use the correct syntax for object member access to align with API usage and improve clarity,review_comment,"['code_style', 'api_usage']",['clean_code'],https://github.com/tensorflow/tensorflow/pull/50489
Loop variable named 'it' in llvm::enumerate is not descriptive,for (auto it : llvm::enumerate(inputs)) { ... },for (auto en : llvm::enumerate(inputs)) { ... },Use descriptive variable names in loops to make code easier to understand,review_comment,['naming_convention'],['clean_code'],https://github.com/tensorflow/tensorflow/pull/50489
Outdated or incorrect comment,(outdated comment referencing style guide incorrectly),(comment removed or updated),Keep comments up to date and remove stale or misleading information,review_comment,"['comment_staleness', 'documentation']","['documentation', 'clean_code']",https://github.com/tensorflow/tensorflow/pull/50489
Magic literal strings used instead of named constants,"std::string arrow = ""->"";
std::string comma = "","";
std::string ellipsis = ""..."";","static const StringRef kArrow = ""->"";
static const StringRef kComma = "","";
static const StringRef kEllipsis = ""..."";",Define repeated or significant literals as named constants to improve maintainability and readability,review_comment,['magic_literal'],"['clean_code', 'defensive_programming']",https://github.com/tensorflow/tensorflow/pull/50489
Unnecessary use of Optional<ShapedType> when result always has a value,Optional<ShapedType> result_ty = this->typeConverter->convertType(...).dyn_cast<ShapedType>();,auto result_ty = this->typeConverter->convertType(...).cast<RankedShapedType>();,"Avoid unnecessary wrappers like Optional when the value is always expected, choosing more specific types",review_comment,['code_simplification'],"['clean_code', 'defensive_programming']",https://github.com/tensorflow/tensorflow/pull/50489
Check for rank and casting ShapedType instead of using a more specific RankedShapedType,dyn_cast<ShapedType>,dyn_cast<RankedShapedType>,Use the most specific type available to reduce runtime checks and simplify code,review_comment,['api_usage'],"['defensive_programming', 'clean_code']",https://github.com/tensorflow/tensorflow/pull/50489
Boolean 'has_elip' set imperatively instead of declaratively,"bool has_elip = true;
if (pre_elip == std::string::npos) { pre_elip = size; has_elip = false; }","bool has_elip = (pre_elip == std::string::npos);
if (has_elip) pre_elip = size;",Simplify boolean logic by initializing flags declaratively to improve code clarity,review_comment,['code_simplification'],['clean_code'],https://github.com/tensorflow/tensorflow/pull/50489
Temporary vector 'all_loops' created only to iterate over its elements,"std::vector<std::string> all_loops = {lhs_loop, rhs_loop, output_loop};
for (auto loop : llvm::enumerate(all_loops)) { ... }","for (auto loop : llvm::enumerate(ArrayRef<std::string>{lhs_loop, rhs_loop, output_loop})) { ... }",Avoid unnecessary temporary containers by directly iterating over initializer lists or array references,review_comment,['code_simplification'],['clean_code'],https://github.com/tensorflow/tensorflow/pull/50489
Redeclaration of identical or duplicate comment blocks,(multiple redundant comment blocks),(comment blocks removed),Remove redundant or repetitive comments to reduce noise and improve maintainability,review_comment,['comment_redundancy'],"['documentation', 'clean_code']",https://github.com/tensorflow/tensorflow/pull/50489
Unnecessary creation of 'scalar_map' for scalar cases,"AffineMap scalar_map = AffineMap::get(...);
maps.push_back(is_scalar(it.value()) ? scalar_map : multidim_map);",maps.push_back(is_scalar(it.value()) ? AffineMap::get(...) : multidim_map);,Remove intermediate variables when they are only used once to reduce clutter,review_comment,"['dead_code', 'code_simplification']",['clean_code'],https://github.com/tensorflow/tensorflow/pull/50489
Using push_back instead of emplace_back when adding to a SmallVector,"maps.push_back(AffineMap::get(nloops, 0, inputExprs, context));","maps.emplace_back(AffineMap::get(nloops, 0, inputExprs, context));",Use emplace methods to construct in-place and avoid unnecessary copies,review_comment,['code_simplification'],['clean_code'],https://github.com/tensorflow/tensorflow/pull/50489
"std::unordered_map<std::string, AffineExpr> uses string keys with copies; consider DenseMap<StringRef>","std::unordered_map<std::string, AffineExpr> str_affine_dim_umap;","DenseMap<StringRef, AffineExpr> str_affine_dim_map;",Choose appropriate map implementations that align with the key types to avoid unnecessary allocations,review_comment,"['performance_issue', 'data_structure']",['performance_optimization'],https://github.com/tensorflow/tensorflow/pull/50489
Calling .str() on a StringRef causing unnecessary string allocation,auto einsum_config = op.einsum_config().str();,StringRef einsum_config = op.einsum_config();,Avoid unnecessary string copies by working with lightweight StringRef or equivalent,review_comment,"['performance_issue', 'copy_semantics']",['performance_optimization'],https://github.com/tensorflow/tensorflow/pull/50489
Using std::vector<std::string> for small fixed-size arrays instead of SmallVector<StringRef>,"std::vector<std::string> all_loops = {lhs_loop, rhs_loop, output_loop};","SmallVector<StringRef, 3> all_loops = {lhs_loop, rhs_loop, output_loop};","Use SmallVector or similar stack-allocated containers for small, fixed-size collections to improve performance",review_comment,"['performance_issue', 'data_structure']",['performance_optimization'],https://github.com/tensorflow/tensorflow/pull/50489
Using std::vector<int> for small-length arrays instead of SmallVector<int>,std::vector<int> batch_rank_vec;,"SmallVector<int, 4> batch_rank_vec;",Leverage SmallVector for small sequences to avoid heap allocations,review_comment,"['performance_issue', 'data_structure']",['performance_optimization'],https://github.com/tensorflow/tensorflow/pull/50489
Inserting loop_dim into all_loop_dim copies the vector instead of moving,all_loop_dim.push_back(loop_dim);,all_loop_dim.push_back(std::move(loop_dim));,Use move semantics to transfer ownership and avoid unnecessary copies,review_comment,"['performance_issue', 'copy_semantics']",['performance_optimization'],https://github.com/tensorflow/tensorflow/pull/50489
std::vector<std::vector<std::string>> input_loops_dim_vec unnecessarily copies underlying vectors,"std::vector<std::vector<std::string>> input_loops_dim_vec = {all_loop_dim[0], all_loop_dim[1]};","auto input_loops_dim_vec = ArrayRef<std::vector<std::string>>{all_loop_dim[0], all_loop_dim[1]};",Avoid copying large structures by using references or ArrayRef where possible,review_comment,"['performance_issue', 'copy_semantics']",['performance_optimization'],https://github.com/tensorflow/tensorflow/pull/50489
Overuse of 'auto' obscures the actual type and hinders readability,"auto MulOp = nestedBuilder.create<mlir::MulFOp>(nestedLoc, args[0], args[1]);","mlir::MulFOp mulOp = nestedBuilder.create<mlir::MulFOp>(nestedLoc, args[0], args[1]);",Use explicit variable types in complex expressions to enhance code readability,review_comment,['code_style'],['code_readability'],https://github.com/tensorflow/tensorflow/pull/50489
